{"cameraMode":{"drawMode":0,"name":"Shaded","section":"Shading Mode"},"sceneLighting":false,"audioPlay":false,"sceneViewState":{"m_AlwaysRefresh":false,"showFog":true,"showSkybox":false,"showFlares":true,"showImageEffects":true,"showParticleSystems":true,"showVisualEffectGraphs":true,"m_FxEnabled":true},"in2DMode":false,"pivot":{"x":1.507071852684021,"y":0.28859496116638186,"z":0.7793312072753906},"rotation":{"x":0.0018248469568789006,"y":0.9959989190101624,"z":-0.08687112480401993,"w":0.02091899700462818},"size":2.387327194213867,"orthographic":false}