{"cameraMode":{"drawMode":0,"name":"Shaded","section":"Shading Mode"},"sceneLighting":true,"audioPlay":false,"sceneViewState":{"m_AlwaysRefresh":false,"showFog":true,"showSkybox":true,"showFlares":true,"showImageEffects":true,"showParticleSystems":true,"showVisualEffectGraphs":true,"m_FxEnabled":true},"in2DMode":false,"pivot":{"x":1142.4951171875,"y":430.7837829589844,"z":-73.67593383789063},"rotation":{"x":-0.035023096948862079,"y":0.06352552771568299,"z":0.0022791223600506784,"w":0.9974311590194702},"size":69.96134948730469,"orthographic":false}