{"cameraMode":{"drawMode":0,"name":"Shaded","section":"Shading Mode"},"sceneLighting":true,"audioPlay":false,"sceneViewState":{"m_AlwaysRefresh":false,"showFog":true,"showSkybox":true,"showFlares":true,"showImageEffects":true,"showParticleSystems":true,"showVisualEffectGraphs":true,"m_FxEnabled":true},"in2DMode":false,"pivot":{"x":602.2584228515625,"y":117.73284149169922,"z":276.46343994140627},"rotation":{"x":0.002101835561916232,"y":0.0035983009729534389,"z":-0.0000016012177184165922,"w":-1.0000132322311402},"size":574.2070922851563,"orthographic":false}