{"cameraMode":{"drawMode":0,"name":"Shaded","section":"Shading Mode"},"sceneLighting":true,"audioPlay":false,"sceneViewState":{"m_AlwaysRefresh":false,"showFog":true,"showSkybox":true,"showFlares":true,"showImageEffects":true,"showParticleSystems":true,"showVisualEffectGraphs":true,"m_FxEnabled":true},"in2DMode":false,"pivot":{"x":-3.2975006103515627,"y":-0.49245980381965639,"z":-5.023918151855469},"rotation":{"x":0.006001993082463741,"y":0.9917192459106445,"z":-0.05893224477767944,"w":0.11453244835138321},"size":1.175355315208435,"orthographic":false}